<?xml version="1.0" encoding="UTF-8"?>
<beans xmlns="http://www.springframework.org/schema/beans"
	xmlns:xsi="http://www.w3.org/2001/XMLSchema-instance"
	xmlns:context="http://www.springframework.org/schema/context"
	xmlns:jpa="http://www.springframework.org/schema/data/jpa"
	xmlns:tx="http://www.springframework.org/schema/tx"
	xsi:schemaLocation="
		http://www.springframework.org/schema/beans 
		http://www.springframework.org/schema/beans/spring-beans.xsd
		http://www.springframework.org/schema/context 
		http://www.springframework.org/schema/context/spring-context-4.3.xsd
		http://www.springframework.org/schema/data/jpa 
		http://www.springframework.org/schema/data/jpa/spring-jpa-1.8.xsd
		http://www.springframework.org/schema/tx 
		http://www.springframework.org/schema/tx/spring-tx-4.3.xsd">

   <!-- Le decimos a Spring MVC que detecte automaticamente todos los Beans de tipo @Service -->
	<context:component-scan base-package="ec.gob.service" />

	<!-- Paquete donde estan los repositorios (interfaces que extienden JpaRepository) -->	
	<jpa:repositories base-package="ec.gob.repository" />

	<bean id="dataSource" class="org.springframework.jdbc.datasource.DriverManagerDataSource">
		<property name="driverClassName" value="com.mysql.jdbc.Driver" />
		<property name="url" value="jdbc:mysql://192.168.47.4:3306/cacmq?useSSL=false" />
		<property name="username" value="henry" />
		<property name="password" value="alfonso1234-" />
	</bean>
	
	<bean id="jpaVendorAdapter" class="org.springframework.orm.jpa.vendor.HibernateJpaVendorAdapter">		
		 <property name="generateDdl" value="false" />
		 <property name="showSql" value="true"></property>
		 <property name="databasePlatform" value="org.hibernate.dialect.MySQL5Dialect" />		 
	</bean> 

	<bean id="entityManagerFactory" class="org.springframework.orm.jpa.LocalContainerEntityManagerFactoryBean" >
		<property name="packagesToScan" value="ec.gob.model" />			
		<property name="dataSource" ref="dataSource" />
		<property name="jpaVendorAdapter" ref="jpaVendorAdapter" />						
	</bean>

	<bean id="transactionManager" class="org.springframework.orm.jpa.JpaTransactionManager">
		<property name="entityManagerFactory" ref="entityManagerFactory" />
	</bean>	
	
</beans>
